{"cameraMode":{"drawMode":0,"name":"Shaded","section":"Shading Mode"},"sceneLighting":true,"audioPlay":false,"sceneViewState":{"m_AlwaysRefresh":false,"showFog":true,"showSkybox":true,"showFlares":true,"showImageEffects":true,"showParticleSystems":true,"showVisualEffectGraphs":true,"m_FxEnabled":true},"in2DMode":false,"pivot":{"x":2.5101890563964845,"y":6.4094648361206059,"z":-4.012131214141846},"rotation":{"x":0.13774123787879945,"y":-0.6493021845817566,"z":0.12117446959018707,"w":0.7380747199058533},"size":14.360437393188477,"orthographic":false}